Белоусов Семен Агафонович,4/25/1971,+7 (179) 370-26-88,1,1,1, null ,1
Матвеев Вадим Юрьевич,6/20/1989,+7 (711) 977-16-52,1,1,1, ,2
Ермакова Юнона Руслановна,4/14/1979,+7 (210) 088-64-36,2,1,2, ,3
Евсеева Генриетта Дмитриевна,5/18/1967,+7 (904) 027-35-92,2,1,2, ,4
Шарапова Дария Андреевна,8/21/1971,+7 (212) 625-28-08,2,1,2, ,4
Кузьмина Галина Максовна,1/15/1969,+7 (370) 519-03-10,3,1,3, ,3
Гурьева Янина Тимофеевна,12/29/1964,+7 (401) 189-86-51,3,1,3, ,5
Большакова Снежана Тарасовна,5/23/1984,+7 (223) 503-67-44,3,1,3, ,6
Миронова Диша Митрофановна,12/15/1977,+7 (084) 252-77-53,3,1,3, ,4
Жданова Виоланта Иосифовна,5/13/1996,+7 (900) 353-41-72,3,1,3, ,4
Колесников Анатолий Владленович,2/26/1990,+7 (438) 363-52-14,2,1,4, ,3
Мухин Флор Иванович,10/31/1975,+7 (487) 123-91-17,2,1,4, ,4
Воронова Устинья Митрофановна,8/7/1999,+7 (708) 393-49-39,4,1,5, ,7
Ковалёва Муза Тарасовна,1/26/1964,+7 (624) 457-34-25,4,1,5, ,3
Крылов Флор Максович,10/7/1996,+7 (902) 340-55-48,4,1,6,1,3
Зимин Илья Серапионович,5/2/1971,+7 (565) 435-79-80,4,1,6,1,4
Зайцев Парамон Феликсович,10/15/1984,+7 (454) 252-05-25,5,1,6,2,8
Маслов Модест Дамирович,4/27/1968,+7 (664) 602-03-71,5,1,6,2,9
Исаков Велорий Витальевич,6/26/1960,+7 (098) 359-34-95,5,1,6,2,9
Шашков Донат Владленович,1/8/1980,+7 (051) 523-43-73,5,1,6,2,9
Тарасов Эрнест Якунович,6/22/1988,+7 (131) 790-43-24,5,1,6,2,10
Зимин Лев Евсеевич,9/25/1998,+7 (609) 728-78-87,5,1,6,2,11
Суханов Эрнест Петрович,4/23/1966,+7 (342) 350-52-75,5,1,6,2,12
Харитонов Любомир Андреевич,5/29/2001,+7 (933) 010-23-01,5,1,6,2,6
Евдокимов Павел Пётрович,1/20/1997,+7 (676) 507-65-30,5,1,6,2,13
Кулагин Аввакум Альбертович,4/25/1983,+7 (091) 411-45-67,6,1,7, ,11
Рогов Май Филатович,4/6/1967,+7 (046) 142-05-62,6,1,7, ,6
Фролов Мартин Константинович,8/7/2002,+7 (604) 952-64-10,7,1,8, ,11
Копылов Власий Валентинович,7/3/2000,+7 (710) 970-74-65,7,1,8, ,14
Воронцов Мстислав Лаврентьевич,4/8/1968,+7 (154) 776-83-19,7,1,8, ,14
Стрелков Аркадий Никитевич,6/2/1990,+7 (938) 736-81-71,7,1,8, ,14
Кононов Август Германнович,4/29/1968,+7 (812) 849-39-84,7,1,8, ,14
Горбачёв Глеб Мэлсович,11/7/1974,+7 (626) 861-82-67,7,1,8, ,14
Беляев Тарас Владленович,7/15/2001,+7 (909) 176-65-42,7,1,8, ,14
Селезнёва Мэри Фроловна,12/22/2002,+7 (956) 710-49-22,8,2,9, ,15
Филиппова Аза Николаевна,5/23/1989,+7 (163) 312-43-14,8,2,9, ,16
Галкина Эрика Лукьяновна,11/26/1969,+7 (567) 060-46-69,9,2,10, ,8
Лихачёва Динара Георгьевна,12/4/1990,+7 (624) 064-06-24,9,2,10, ,3
Лобанова Дебора Владимировна,6/25/1970,+7 (318) 827-54-60,9,2,10, ,6
Коновалова Карина Анатольевна,7/25/1982,+7 (800) 239-60-38,9,2,10, ,6
Дьячков Гордей Юрьевич,12/10/1992,+7 (462) 807-37-94,10,2,11, ,8
Дементьев Людвиг Дмитриевич,10/30/1984,+7 (232) 050-93-59,10,2,11, ,17
Тетерин Терентий Артёмович,3/25/1979,+7 (855) 470-76-70,10,2,11, ,3
Шарапов Нинель Артемович,5/29/2001,+7 (064) 865-03-57,10,2,11, ,6
Быкова Роксалана Евгеньевна,5/10/1995,+7 (640) 077-77-65,3,2,12, ,18
Карпова Берта Васильевна,1/26/1989,+7 (424) 549-00-75,3,2,12, ,3
Князева Эрида Михайловна,2/9/1985,+7 (476) 265-08-34,3,2,12, ,6
Боброва Анэля Григорьевна,7/19/1961,+7 (197) 497-66-92,3,2,12, ,6
Ефремов Вальтер Платонович,3/12/1999,+7 (210) 001-40-01,11,3,13, ,19
Смирнов Аввакум Проклович,4/7/2001,+7 (234) 327-27-37,12,3,13, ,20
Сидорова Богдана Степановна,3/1/1992,+7 (333) 007-73-86,12,3,13, ,21
Медведева Анфиса Куприяновна,6/22/1968,+7 (352) 984-89-47,12,3,13, ,22
Соколова Злата Донатовна,5/11/1976,+7 (263) 295-98-84,12,3,13, ,23
Максимова Антонина Наумовна,9/29/1988,+7 (059) 049-11-97,12,3,13, ,24
Емельянова Лали Адольфовна,11/18/1974,+7 (643) 148-48-83,12,3,13, ,25
Лобанов Андрей Владленович,5/13/1985,+7 (749) 358-03-33,12,3,13, ,26
Бирюков Валерий Леонидович,8/20/1977,+7 (882) 562-21-24,11,3,13, ,27
Рябов Влас Богданович,4/7/1978,+7 (673) 157-65-87,12,3,13, ,28
Мельников Модест Тихонович,4/14/1961,+7 (480) 955-36-17,12,3,13, ,29
Никифорова Любава Васильевна,2/21/1967,+7 (890) 112-51-51,13,4,14, ,30
Денисова Веселина Демьяновна,1/19/1965,+7 (606) 810-72-96,14,4,15,3,14
Лобанова Георгина Евсеевна,3/2/1972,+7 (760) 683-71-57,13,4,15,4,14
Калашникова Маргарита Адольфовна,3/25/1977,+7 (567) 984-10-59,9,4,16,5,3
Корнилов Давид Михайлович,5/12/1965,+7 (535) 508-09-63,17,4,16,5,14
Мишина Сабрина Всеволодовна,11/5/1979,+7 (123) 099-67-67,14,4,16,6,14
Давыдова Крис Алексеевна,5/21/1967,+7 (086) 732-87-28,14,4,16,6,6
Тетерина Сабрина Евсеевна,10/30/1983,+7 (305) 078-20-93,14,4,16,6,31
Мишина Зоряна Семёновна,5/17/1980,+7 (941) 758-60-21,14,4,16,7,32
Филиппова Ирэн Рудольфовна,4/3/2002,+7 (791) 893-63-24,13,5,17, ,30
Сорокина Виктория Альбертовна,6/27/1965,+7 (256) 543-71-97,14,5,18,8,14
Фролова Эрида Юлиановна,12/24/1964,+7 (382) 787-58-02,14,5,18,9,33
Дементьева Дарьяна Пантелеймоновна,8/6/1977,+7 (772) 653-55-16,15,5,19,10,14
Денисова Эдилия Святославовна,7/29/1983,+7 (661) 640-32-15,15,5,19,10,34
Борисова Варвара Богуславовна,10/25/1988,+7 (625) 163-29-48,15,5,19,10,12
Сафонова Алина Михайловна,7/15/1993,+7 (949) 247-53-70,16,5,19,11,14
Моисеев Павел Витальевич,3/29/1990,+7 (395) 842-89-60,17,5,20, ,14
Денисова Альжбета Валерьевна,6/29/1967,+7 (405) 652-62-30,17,5,20, ,14
Калинина Лариса Улебовна,4/14/1975,+7 (459) 094-61-74,16,6,21, ,7
Громова Роксалана Егоровна,3/17/1961,+7 (790) 385-88-79,16,6,21, ,12
Авдеева Лика Лаврентьевна,10/15/1969,+7 (905) 571-85-23,16,6,21, ,6
Фадеева Юлиана Святославовна,2/22/1966,+7 (325) 978-22-94,18,7,22, ,17
Королёва Диана Созоновна,4/1/1979,+7 (198) 515-56-04,18,7,22, ,35
Михеева Георгина Борисовна,7/3/1983,+7 (951) 095-81-15,18,7,22, ,6
Михеева Георгина Борисовна,5/28/1971,+7 (818) 456-17-32,18,7,22, ,36
Савельева Диша Данииловна,1/28/1986,+7 (145) 189-60-52,15,8,23, ,35
Щербакова Лира Витальевна,3/26/1965,+7 (066) 097-49-63,15,8,23, ,14
Калинина Радмила Пётровна,12/29/1960,+7 (041) 340-67-42,15,8,23, ,12
Харитонова Видана Николаевна,9/7/1962,+7 (686) 601-90-65,15,8,23, ,12
Рожкова Сильвия Мартыновна,10/18/1974,+7 (141) 793-69-11,15,8,23, ,12
Нестерова Данна Игнатьевна,12/28/1982,+7 (383) 545-59-27,19,9,24, ,5
Корнилова Ангелина Алексеевна,6/7/1977,+7 (195) 929-02-05,19,9,24, ,5
Аксёнова Мирра Григорьевна,12/28/1978,+7 (614) 995-85-89,19,9,24, ,6
Фадеева Влада Семёновна,2/17/1987,+7 (060) 326-14-90,20,9,25, ,5
Кононова Майя Максовна,12/10/1979,+7 (673) 181-26-22,20,9,25, ,5
Некрасова Лилу Константиновна,6/29/1995,+7 (885) 634-33-04,18,10,26, ,17
Баранова Диана Леонидовна,1/28/1989,+7 (174) 853-49-83,18,10,26, ,11
Гришина Азалия Агафоновна,11/11/1999,+7 (017) 495-66-09,18,10,26, ,6
Архипова Наталья Юрьевна,9/6/1967,+7 (325) 282-73-59,18,10,26, ,37
Рожкова Мила Кирилловна,10/29/1969,+7 (644) 679-57-32,21,11,27, ,38
Богданова Эллада Георгиевна,5/28/1997,+7 (366) 341-61-81,21,11,27, ,38
Яковлева Аделия Геласьевна,7/9/1960,+7 (990) 358-79-57,21,11,27, ,38
Соловьёва Габриэлла Созоновна,12/18/1969,+7 (298) 353-76-77,21,11,27, ,38
Щукина Розалина Витальевна,5/4/1992,+7 (041) 888-17-81,21,11,27, ,39
Никитина Азалия Алексеевна,6/2/1983,+7 (379) 582-61-58,21,11,27, ,40
Дроздова Береслава Максимовна,10/27/1962,+7 (812) 542-65-16,21,11,27, ,41
Галкина Божена Филипповна,3/31/1974,+7 (120) 462-91-94,21,11,27, ,42
Казакова Земфира Федосеевна,3/20/1967,+7 (312) 173-95-22,21,11,27, ,42
Доронина Эдуарда Дмитрьевна,7/12/1972,+7 (398) 556-52-52,20,11,28,12,43
Гурьева Фанни Андреевна,4/7/1965,+7 (192) 794-90-18,20,11,28,12,43
Кононова Нонна Анатольевна,3/3/1988,+7 (049) 956-85-86,20,11,28,12,43
Блинова Милослава Андреевна,5/21/1969,+7 (134) 370-87-86,22,11,29, ,3
Щукина Владислава Альбертовна,2/4/1968,+7 (441) 380-03-70,22,11,29, ,44
Громова Архелия Святославовна,8/26/1983,+7 (834) 538-57-98,22,11,29, ,43
Соколова Фанни Григорьевна,11/28/2002,+7 (787) 780-96-88,22,11,29, ,43
Веселова Регина Натановна,5/27/1980,+7 (695) 489-78-71,23,11,30, ,45
Субботина Инга Васильевна,8/17/1985,+7 (955) 709-44-45,23,11,30, ,6
Исаков Аполлон Ефимович,5/2/1998,+7 (952) 550-14-44,20,12,31, ,11
Галкин Никифор Евсеевич,1/13/1975,+7 (270) 482-96-24,22,12,32, ,35
Харитонова Ангелина Мэлоровна,6/21/1990,+7 (800) 847-84-22,22,12,32, ,30